Liver Neoplasms, Experimental	umls:C0023904
Anemia, Pernicious	umls:C0002892
Prostatic Hyperplasia	umls:C2937421
Acromegaly	umls:C0001206
Pseudopseudohypoparathyroidism	umls:C0033835
Kuru	umls:C0022802
Orofaciodigital Syndromes	umls:C0029294
Anemia, Neonatal	umls:C0002891
Myelodysplastic Syndromes	umls:C3463824
Hereditary Central Nervous System Demyelinating Diseases	umls:C0751877
Respiratory Distress Syndrome, Newborn	umls:C0035220
Polyhydramnios	umls:C0020224
Blindness	umls:C0376288
Blindness	umls:C0456909
Blindness	umls:C0271215
Dental Enamel Hypoplasia	umls:C0011351
Respiratory System Abnormalities	umls:C0035238
Arrhythmias, Cardiac	umls:C0003811
Keratosis	umls:C0022593
Osteitis Deformans	umls:C0029401
Hand Deformities, Congenital	umls:C0018566
Encephalomyelitis, Autoimmune, Experimental	umls:C0014072
Diabetes Mellitus, Type 2	umls:C0011860
Psychomotor Disorders	umls:C0033922
Rothmund-Thomson Syndrome	umls:C0032339
Leishmaniasis	umls:C0023281
Lupus Nephritis	umls:C0024143
Neuroectodermal Tumors	umls:C0206093
Seizures, Febrile	umls:C0149886
Seizures, Febrile	umls:C0751057
Seizures, Febrile	umls:C0009952
Adenomatous Polyposis Coli	umls:C0032580
Cockayne Syndrome	umls:C0009207
Schizophrenia, Catatonic	umls:C0036344
Afibrinogenemia	umls:C0001733
Appendicitis	umls:C0003615
Hypercalcemia	umls:C0020437
Cystadenocarcinoma, Papillary	umls:C0206700
Bone Demineralization, Pathologic	umls:C0242699
Noonan Syndrome	umls:C0028326
Cholestasis	umls:C0008370
Venous Thrombosis	umls:C0042487
Neurocutaneous Syndromes	umls:C0265316
Chediak-Higashi Syndrome	umls:C0007965
Multiple System Atrophy	umls:C0393571
Leiomyoma	umls:C0042133
Leiomyoma	umls:C0023267
Osteomalacia	umls:C0029442
Brain Ischemia	umls:C0007786
Renal Tubular Transport, Inborn Errors	umls:C0035091
Blepharophimosis	umls:C0005744
Melanoma	umls:C0025202
Menopause, Premature	umls:C0025322
Vaginal Neoplasms	umls:C0042258
Melorheostosis	umls:C0025239
Alopecia Areata	umls:C0002171
Foot Deformities, Congenital	umls:C0016508
Carcinoma, Hepatocellular	umls:C2239176
Exostoses, Multiple Hereditary	umls:C0015306
Werner Syndrome	umls:C0043119
Zellweger Syndrome	umls:C0043459
Fragile X Syndrome	umls:C0016667
Nose Diseases	umls:C0028432
Hemorrhagic Disorders	umls:C0019087
Sarcoma, Alveolar Soft Part	umls:C0206657
Coronary Restenosis	umls:C0948480
Tracheoesophageal Fistula	umls:C0040588
Hematologic Neoplasms	umls:C0376545
Genital Neoplasms, Female	umls:C0017416
Leukocyte Disorders	umls:C0023510
Pseudoxanthoma Elasticum	umls:C0033847
Sinusitis	umls:C0037199
Ataxia Telangiectasia	umls:C0004135
Congenital Abnormalities	umls:C0000768
Leukemia, Myelogenous, Chronic, BCR-ABL Positive	umls:C0023473
Hearing Loss, Conductive	umls:C0018777
Craniosynostoses	umls:C1833340
Craniosynostoses	umls:C0265534
Craniosynostoses	umls:C0010278
Craniosynostoses	umls:C2931150
Craniosynostoses	umls:C0265535
Craniosynostoses	umls:C0221356
Intestinal Polyps	umls:C0021846
Leukemia	umls:C0023418
Sleep Apnea, Central	umls:C0520680
Thrombosis	umls:C0040053
Erectile Dysfunction	umls:C0242350
Fatigue Syndrome, Chronic	umls:C0015674
Staphylococcal Skin Infections	umls:C0038166
Contracture	umls:C0009917
Fanconi Syndrome	umls:C0015624
Neuralgia	umls:C0027796
Gastrointestinal Hemorrhage	umls:C0017181
Goldenhar Syndrome	umls:C0265240
Arachnodactyly	umls:C0003706
WAGR Syndrome	umls:C0206115
Dental Caries	umls:C0011334
Hemochromatosis	umls:C0018995
Arteriosclerosis	umls:C0003850
Psychomotor Agitation	umls:C3887612
Endometrial Neoplasms	umls:C0014170
Osteoarthritis, Knee	umls:C0409959
Hyper-IgM Immunodeficiency Syndrome, Type 1	umls:C0398689
Cervical Intraepithelial Neoplasia	umls:C0206708
Aggressive Periodontitis	umls:C0031106
Isaacs Syndrome	umls:C0242287
Candidiasis, Oral	umls:C0006849
Acidosis	umls:C0001122
Thrombocytosis	umls:C0836924
Glaucoma, Angle-Closure	umls:C0017605
Upper Extremity Deformities, Congenital	umls:C0749794
Arthritis, Experimental	umls:C0993582
Parathyroid Neoplasms	umls:C0030521
Attention Deficit Disorder with Hyperactivity	umls:C1263846
Attention Deficit Disorder with Hyperactivity	umls:C0041671
Multiple Endocrine Neoplasia	umls:C0027662
Neuromuscular Diseases	umls:C0027868
Chondrodysplasia Punctata, Rhizomelic	umls:C0282529
Fetal Growth Retardation	umls:C0015934
Spinal Cord Diseases	umls:C0037928
Meningioma	umls:C0025286
Antley-Bixler Syndrome Phenotype	umls:C2350233
Hypothalamic Diseases	umls:C0020655
Head and Neck Neoplasms	umls:C0018671
Diffuse Cerebral Sclerosis of Schilder	umls:C0007795
Goiter, Nodular	umls:C0018023
Leukemia, Lymphocytic, Chronic, B-Cell	umls:C0023434
Hydrocephalus	umls:C0020255
Lymphoma, T-Cell	umls:C0079772
Corneal Diseases	umls:C0010034
Liver Failure, Acute	umls:C0162557
Optic Neuritis	umls:C0029134
Pain	umls:C0030193
Muscular Dystrophy, Duchenne	umls:C0013264
Ulcer	umls:C0041582
Ichthyosiform Erythroderma, Congenital	umls:C0079583
Vaginal Diseases	umls:C0042251
Hyponatremia	umls:C0020625
Epilepsy, Reflex	umls:C0270857
Carotid Stenosis	umls:C0007282
Eye Diseases, Hereditary	umls:C0015398
Lymphatic Diseases	umls:C0024228
Amyotrophic Lateral Sclerosis	umls:C0002736
HIV Seropositivity	umls:C0019699
Moyamoya Disease	umls:C0026654
Retinoblastoma	umls:C0035335
Hyperlipoproteinemia Type II	umls:C0745103
Hyperlipoproteinemia Type II	umls:C0020445
Hyperlipoproteinemia Type II	umls:C1704417
Purpura Fulminans	umls:C0085650
Diabetes Mellitus	umls:C0011849
Refractive Errors	umls:C0034951
Pachyonychia Congenita	umls:C0265334
Lens Diseases	umls:C0023308
Cleidocranial Dysplasia	umls:C0008928
Burkitt Lymphoma	umls:C0006413
Entamoebiasis	umls:C0014324
Anus, Imperforate	umls:C0003466
Branchio-Oto-Renal Syndrome	umls:C0265234
Myopathies, Nemaline	umls:C0206157
Exocrine Pancreatic Insufficiency	umls:C0267963
Dermatitis, Atopic	umls:C0011615
Periventricular Nodular Heterotopia	umls:C1868720
Carcinoma, Medullary	umls:C0206693
Epilepsy, Benign Neonatal	umls:C0220669
Epilepsy, Benign Neonatal	umls:C0270851
Epilepsy, Benign Neonatal	umls:C1843140
Sialorrhea	umls:C0037036
Hyperthyroidism	umls:C0020550
Seminoma	umls:C0036631
Vocal Cord Paralysis	umls:C0042928
Hyperventilation	umls:C0020578
Chilblains	umls:C0008058
Collagen Diseases	umls:C0009326
Urologic Diseases	umls:C0042075
Folic Acid Deficiency	umls:C0016412
Mitochondrial Encephalomyopathies	umls:C0162666
Pulmonary Embolism	umls:C0034065
Pre-Eclampsia	umls:C0032914
Hepatitis C, Chronic	umls:C0524910
Cholelithiasis	umls:C0008350
Uveal Neoplasms	umls:C0042162
Leukocytosis	umls:C0023518
Polycystic Ovary Syndrome	umls:C0032460
Femur Head Necrosis	umls:C0015814
Epilepsies, Myoclonic	umls:C0014550
Williams Syndrome	umls:C0175702
Carcinoma, Non-Small-Cell Lung	umls:C0007131
Esophagitis	umls:C0014868
Anemia	umls:C0002871
Optic Atrophy, Autosomal Dominant	umls:C0338508
Breast Neoplasms	umls:C1257931
Breast Neoplasms	umls:C0006142
Breast Neoplasms	umls:C1257930
Breast Neoplasms	umls:C1458155
Abdominal Neoplasms	umls:C0000735
Bronchial Hyperreactivity	umls:C0085129
Lesch-Nyhan Syndrome	umls:C0023374
Heart Diseases	umls:C0018799
Epilepsy, Frontal Lobe	umls:C0085541
Athetosis	umls:C0004158
Hypopituitarism	umls:C0020635
Brain Injuries	umls:C0876926
Epilepsy, Temporal Lobe	umls:C0014556
Paralysis	umls:C0522224
Barrett Esophagus	umls:C0004763
Schistosomiasis	umls:C0036323
Nephritis, Interstitial	umls:C0027707
Lead Poisoning	umls:C0023176
Bone Marrow Diseases	umls:C0005956
Denys-Drash Syndrome	umls:C0950121
Orthostatic Intolerance	umls:C1535893
Heart Septal Defects	umls:C0018816
West Nile Fever	umls:C0043124
Otosclerosis	umls:C0029899
Intestinal Polyposis	umls:C1257915
Anisometropia	umls:C0003081
Nocturnal Enuresis	umls:C0270327
Bulbo-Spinal Atrophy, X-Linked	umls:C1839259
Protein C Deficiency	umls:C0398625
Chromosome Aberrations	umls:C0008625
Hamartoma	umls:C0018552
Bartter Syndrome	umls:C0004775
Cerebral Palsy	umls:C0007789
Giant Axonal Neuropathy	umls:C1850386
Anemia, Iron-Deficiency	umls:C0162316
Spinocerebellar Ataxias	umls:C0087012
Spinocerebellar Ataxias	umls:C0752125
Spinocerebellar Ataxias	umls:C0752120
Spinocerebellar Ataxias	umls:C0752124
Spinocerebellar Ataxias	umls:C0752121
Spinocerebellar Ataxias	umls:C0752123
Spinocerebellar Ataxias	umls:C0752122
Growth Disorders	umls:C0018273
Aneurysm, Dissecting	umls:C0002949
Hemangioendothelioma, Epithelioid	umls:C0206732
Photosensitivity Disorders	umls:C0031762
Coronary Vasospasm	umls:C0010073
Muscle Spasticity	umls:C0026838
Prolactinoma	umls:C0033375
Niemann-Pick Diseases	umls:C0028064
Intestinal Pseudo-Obstruction	umls:C0021847
Hyperlipoproteinemias	umls:C0020476
Mitochondrial Diseases	umls:C0751651
Eosinophilia-Myalgia Syndrome	umls:C0085179
Osteopoikilosis	umls:C0029455
Hearing Loss, Bilateral	umls:C0018775
Respiratory Hypersensitivity	umls:C0035228
Anemia, Hemolytic	umls:C0002878
Common Variable Immunodeficiency	umls:C0009447
Dysostoses	umls:C0013393
Spondylitis, Ankylosing	umls:C0038013
Rectal Prolapse	umls:C0034888
Hemorrhage	umls:C0019080
Low Tension Glaucoma	umls:C0152136
Esophageal Achalasia	umls:C0014848
Tourette Syndrome	umls:C0040517
Arthritis, Psoriatic	umls:C0003872
Duodenal Ulcer	umls:C0013295
Glaucoma	umls:C0017601
Olivopontocerebellar Atrophies	umls:C0028968
Urinary Incontinence	umls:C0042024
Folliculitis	umls:C0016436
Skin Abnormalities	umls:C0037268
Ossification of Posterior Longitudinal Ligament	umls:C0206366
Dyskinesias	umls:C0427086
Dyskinesias	umls:C0013384
Dyskinesias	umls:C0752196
Scoliosis	umls:C0036439
Carcinoma	umls:C0205698
Carcinoma	umls:C0205697
Carcinoma	umls:C0205699
Carcinoma	umls:C0205696
Hereditary Sensory and Autonomic Neuropathies	umls:C0027889
Klinefelter Syndrome	umls:C0022735
Stomach Ulcer	umls:C0038358
Hepatitis, Autoimmune	umls:C0241910
Fetal Death	umls:C0015927
Adrenocortical Hyperfunction	umls:C0001622
Anuria	umls:C0003460
Telangiectasia, Hereditary Hemorrhagic	umls:C0039445
Measles	umls:C0025007
Language Disorders	umls:C0023015
Vasospasm, Intracranial	umls:C0751895
Budd-Chiari Syndrome	umls:C0856761
Mucocutaneous Lymph Node Syndrome	umls:C0026691
Muscle Weakness	umls:C0151786
Personality Disorders	umls:C0031212
Spinal Diseases	umls:C0037933
Bernard-Soulier Syndrome	umls:C0005129
Tetany	umls:C0039621
Tauopathies	umls:C0949664
Ductus Arteriosus, Patent	umls:C0013274
Kidney Diseases, Cystic	umls:C1691228
Kidney Diseases, Cystic	umls:C0022679
Brugada Syndrome	umls:C1955837
Brugada Syndrome	umls:C1142166
Huntington Disease	umls:C0020179
AIDS-Related Opportunistic Infections	umls:C0162526
Cleft Lip	umls:C0008924
Thyroiditis, Autoimmune	umls:C0920350
Pulmonary Fibrosis	umls:C0034069
Porphyria, Acute Intermittent	umls:C0162565
Porphyria, Acute Intermittent	umls:C2936779
Anemia, Aplastic	umls:C0002874
Anemia, Aplastic	umls:C0178416
Neurofibromatosis 1	umls:C0027831
Enterocolitis, Necrotizing	umls:C0520459
Leukopenia	umls:C0023530
Hearing Disorders	umls:C0260662
Anemia, Megaloblastic	umls:C0002888
Ornithine Carbamoyltransferase Deficiency Disease	umls:C0268542
Uterine Cervical Neoplasms	umls:C0302592
Uterine Cervical Neoplasms	umls:C0007873
Aortic Aneurysm	umls:C0003486
Infertility, Female	umls:C0021361
Neoplasms, Squamous Cell	umls:C0206720
Neoplasms, Squamous Cell	umls:C0751688
Legionnaires' Disease	umls:C0023241
Sudden Infant Death	umls:C0038644
Anorexia Nervosa	umls:C0003125
Pneumonia	umls:C0032285
Neoplasm Invasiveness	umls:C0027626
Neoplasm Recurrence, Local	umls:C0027643
Liver Cirrhosis, Alcoholic	umls:C0023891
Alagille Syndrome	umls:C0085280
Liver Cirrhosis, Biliary	umls:C0238065
Liver Cirrhosis, Biliary	umls:C0008312
Liver Cirrhosis, Biliary	umls:C0023892
Tuberculosis	umls:C0041296
Porphyrias	umls:C0032708
Lactose Intolerance	umls:C0022951
Pituitary Neoplasms	umls:C0032019
Langer-Giedion Syndrome	umls:C0023003
Chromosome Breakage	umls:C0376628
Fibromatosis, Gingival	umls:C0016049
Lipodystrophy, Congenital Generalized	umls:C1720862
Lipodystrophy, Congenital Generalized	umls:C1720863
Lipodystrophy, Congenital Generalized	umls:C0221032
Hypophosphatemia, Familial	umls:C0282201
Hypophosphatemia, Familial	umls:C0020631
Choroidal Neovascularization	umls:C0600518
Pruritus	umls:C0033774
Lipoid Proteinosis of Urbach and Wiethe	umls:C0023795
Peripheral Nervous System Diseases	umls:C0031117
Dysarthria	umls:C0013362
Digestive System Neoplasms	umls:C0012243
Factor XIII Deficiency	umls:C0015530
Dandy-Walker Syndrome	umls:C0010964
Elliptocytosis, Hereditary	umls:C0013902
Spina Bifida Cystica	umls:C0037917
Blood Platelet Disorders	umls:C0005818
Carcinoma, Squamous Cell	umls:C0007137
Porokeratosis	umls:C0162839
Premature Birth	umls:C0151526
Nijmegen Breakage Syndrome	umls:C0398791
Bile Duct Neoplasms	umls:C0005396
Herpes Simplex	umls:C0019348
Alcoholism	umls:C0085762
Alcoholism	umls:C0001973
Multiple Endocrine Neoplasia Type 1	umls:C0025267
Acidosis, Renal Tubular	umls:C0268435
Acidosis, Renal Tubular	umls:C1704380
Acidosis, Renal Tubular	umls:C0001126
Cholangiocarcinoma	umls:C0206698
Alopecia	umls:C0002170
Hypophosphatemia	umls:C0085682
Acne Vulgaris	umls:C0001144
Nose Neoplasms	umls:C0028433
Headache	umls:C0018681
Wolf-Hirschhorn Syndrome	umls:C1956097
Facial Dermatoses	umls:C0015456
Idiopathic Pulmonary Fibrosis	umls:C1800706
Migraine Disorders	umls:C0149931
Essential Tremor	umls:C0270736
Microphthalmos	umls:C0026010
Obesity, Abdominal	umls:C0311277
Pyloric Stenosis, Hypertrophic	umls:C0700639
Multiple Acyl Coenzyme A Dehydrogenase Deficiency	umls:C0268596
Osteogenesis Imperfecta	umls:C0029434
Ectodermal Dysplasia 3, Anhidrotic	umls:C1720965
Progeria	umls:C0033300
Spondylarthropathies	umls:C0949691
Prostatic Diseases	umls:C0033575
Liver Diseases	umls:C0023895
Gilbert Disease	umls:C0017551
Aortic Rupture	umls:C0003496
Hypotension	umls:C0020649
Hypertelorism	umls:C0020534
Aortic Valve Stenosis	umls:C0003507
Atrial Fibrillation	umls:C0004238
Pelger-Huet Anomaly	umls:C0030779
Lymphoproliferative Disorders	umls:C0024314
Hypertension, Portal	umls:C0020541
Hernia	umls:C0019270
X-Linked Combined Immunodeficiency Diseases	umls:C1279481
Liver Diseases, Alcoholic	umls:C0023896
Diabetes Insipidus, Neurogenic	umls:C0687720
Mucopolysaccharidosis VII	umls:C0085132
Leiomyosarcoma	umls:C0023269
Polycystic Kidney Diseases	umls:C0022680
Respiration Disorders	umls:C0035204
Neurotic Disorders	umls:C0027932
Porphyria, Variegate	umls:C0162532
Diabetes Mellitus, Type 1	umls:C0205734
Diabetes Mellitus, Type 1	umls:C0011854
Cystinosis	umls:C2931187
Gerstmann-Straussler-Scheinker Disease	umls:C0017495
Lipidoses	umls:C0023794
Mitochondrial Myopathies	umls:C0162670
Glucosephosphate Dehydrogenase Deficiency	umls:C2939465
Adenocarcinoma, Follicular	umls:C0206682
Proteus Syndrome	umls:C0085261
Spinal Dysraphism	umls:C0266508
Spinal Dysraphism	umls:C0080178
Hemangioma, Cavernous, Central Nervous System	umls:C0752160
Candidiasis, Chronic Mucocutaneous	umls:C0006845
Nesidioblastosis	umls:C0027773
Maxillofacial Abnormalities	umls:C0524948
Polyendocrinopathies, Autoimmune	umls:C0085409
Micrognathism	umls:C0025990
Sexual Dysfunctions, Psychological	umls:C0033953
Sexual Dysfunctions, Psychological	umls:C0036902
HIV Infections	umls:C0019693
Friedreich Ataxia	umls:C0016719
Fanconi Anemia	umls:C0015625
46, XX Disorders of Sex Development	umls:C2936403
Sandhoff Disease	umls:C0036161
Muscle Hypotonia	umls:C0026827
Dislocations	umls:C0012691
Adrenal Insufficiency	umls:C0001623
Subacute Sclerosing Panencephalitis	umls:C0038522
Apnea	umls:C0003578
Amino Acid Metabolism, Inborn Errors	umls:C0002514
Tetralogy of Fallot	umls:C0039685
Hemangioma, Capillary	umls:C0206733
Prostatic Intraepithelial Neoplasia	umls:C0282612
Cryopyrin-Associated Periodic Syndromes	umls:C2316212
Ascorbic Acid Deficiency	umls:C0003969
Schistosomiasis mansoni	umls:C0036330
Mucopolysaccharidosis III	umls:C0026706
Blepharoptosis	umls:C0005745
Liver Neoplasms	umls:C0023903
Amyloidosis	umls:C0002726
Gynecomastia	umls:C0018418
Chorea	umls:C0008489
Pancreatic Diseases	umls:C0030286
Albinism, Ocular	umls:C0078917
Septo-Optic Dysplasia	umls:C0338503
Neoplasms, Second Primary	umls:C0085183
Anemia, Hemolytic, Autoimmune	umls:C0002880
Anemia, Hemolytic, Autoimmune	umls:C0175816
Lymphohistiocytosis, Hemophagocytic	umls:C0024291
Multiple Sclerosis, Chronic Progressive	umls:C0393665
Blindness, Cortical	umls:C0155320
Kyphosis	umls:C0022821
Paralysis, Hyperkalemic Periodic	umls:C0238357
Gingival Hyperplasia	umls:C0017566
Enterocolitis	umls:C0014356
Osteosarcoma	umls:C0029463
Immune Complex Diseases	umls:C0020951
Gastrinoma	umls:C0017150
Iron Metabolism Disorders	umls:C0012715
Epilepsy, Generalized	umls:C0014548
Charcot-Marie-Tooth Disease	umls:C0007959
Hepatitis B, Chronic	umls:C0524909
Cysts	umls:C0010709
Vitamin E Deficiency	umls:C0042875
Respiratory Distress Syndrome, Adult	umls:C0035222
Breast Diseases	umls:C0006145
Memory Disorders	umls:C0025261
Abortion, Threatened	umls:C0000821
Anemia, Dyserythropoietic, Congenital	umls:C0271933
Anemia, Dyserythropoietic, Congenital	umls:C1306589
Anemia, Dyserythropoietic, Congenital	umls:C0002876
Anemia, Dyserythropoietic, Congenital	umls:C0271934
Kernicterus	umls:C0022610
Diabetic Retinopathy	umls:C0011884
Myositis	umls:C0027121
Ichthyosis, Lamellar	umls:C0079154
Ichthyosis, Lamellar	umls:C0020758
Ichthyosis, Lamellar	umls:C0239849
Ichthyosis, Lamellar	umls:C3536797
Ehlers-Danlos Syndrome	umls:C0013720
Cushing Syndrome	umls:C0010481
Gitelman Syndrome	umls:C0268450
Diabetic Nephropathies	umls:C0011881
Diabetic Nephropathies	umls:C0017667
Neoplasms, Experimental	umls:C0027659
Protein-Losing Enteropathies	umls:C0033680
Bone Diseases, Metabolic	umls:C0005944
Bone Diseases, Metabolic	umls:C0029453
Brain Neoplasms	umls:C0006118
Diabetic Neuropathies	umls:C0011882
Sarcoidosis	umls:C0036202
Soft Tissue Neoplasms	umls:C0037579
Anemia, Sickle Cell	umls:C0002895
Hypophosphatasia	umls:C0020630
Anophthalmos	umls:C0003119
Coronary Disease	umls:C0010068
Wiskott-Aldrich Syndrome	umls:C0043194
Buruli Ulcer	umls:C0085568
Chondrodysplasia Punctata	umls:C0008445
Cleft Palate	umls:C0008925
Macular Degeneration	umls:C0024437
Hereditary Sensory and Motor Neuropathy	umls:C0027888
Hereditary Sensory and Motor Neuropathy	umls:C0011195
Achondroplasia	umls:C0001080
Aortic Aneurysm, Thoracic	umls:C0162872
Hyperinsulinism	umls:C0020459
Neuronal Ceroid-Lipofuscinoses	umls:C0027877
Conjunctival Diseases	umls:C0009759
Color Vision Defects	umls:C0009398
Color Vision Defects	umls:C0155016
Color Vision Defects	umls:C0242225
Color Vision Defects	umls:C0155015
Color Vision Defects	umls:C0155017
Color Vision Defects	umls:C0152200
Ciliary Motility Disorders	umls:C0008780
Mandibulofacial Dysostosis	umls:C0242387
Dystonia	umls:C0013421
Hypogonadism	umls:C0020619
Sick Sinus Syndrome	umls:C0037052
Leukoplakia, Oral	umls:C0023532
Cholestasis, Intrahepatic	umls:C0008372
Mastocytosis, Systemic	umls:C0221013
Muscle Hypertonia	umls:C0026826
Facies	umls:C0282631
Autoimmune Diseases of the Nervous System	umls:C0751871
Aortic Aneurysm, Abdominal	umls:C0162871
De Lange Syndrome	umls:C1802395
De Lange Syndrome	umls:C0270972
De Lange Syndrome	umls:C1853099
Yellow Nail Syndrome	umls:C0221348
Port-Wine Stain	umls:C0235752
Night Blindness	umls:C0028077
Asthma	umls:C0004096
Hirsutism	umls:C0019572
Anaphylaxis	umls:C0002792
Nephritis, Hereditary	umls:C1567743
Nephritis, Hereditary	umls:C1567744
Nephritis, Hereditary	umls:C0027706
Nephritis, Hereditary	umls:C1567742
Nephritis, Hereditary	umls:C1567741
Puberty, Delayed	umls:C0034012
Dystonic Disorders	umls:C0752203
Dystonic Disorders	umls:C0752206
Dystonic Disorders	umls:C0752205
Dystonic Disorders	umls:C0752207
Dystonic Disorders	umls:C0393593
Dystonic Disorders	umls:C0752197
Dystonic Disorders	umls:C0743332
Dystonic Disorders	umls:C0752208
Dystonic Disorders	umls:C0752202
Anemia, Hypochromic	umls:C0002884
Hartnup Disease	umls:C0018609
Osteopetrosis	umls:C0029454
Leishmaniasis, Visceral	umls:C0023290
Homocystinuria	umls:C0019880
Calcium Metabolism Disorders	umls:C0006705
Keloid	umls:C0022548
Leukemia, T-Cell	umls:C0023492
Infarction	umls:C0021308
Epidermal Cyst	umls:C0014511
Thyroid Diseases	umls:C0040128
Opioid-Related Disorders	umls:C0027412
Hematologic Diseases	umls:C0018939
Adrenal Hyperplasia, Congenital	umls:C0001627
Hyperandrogenism	umls:C0206081
Thrombasthenia	umls:C0040015
Hyperbilirubinemia, Hereditary	umls:C0020435
Cerebral Infarction	umls:C0007785
Nephritis	umls:C0027697
Malformations of Cortical Development	umls:C1955869
Leydig Cell Tumor	umls:C0023601
Biliary Atresia	umls:C0005411
Ankylosis	umls:C0003090
Carpal Tunnel Syndrome	umls:C0007286
Thoracic Diseases	umls:C0039978
Neuroaxonal Dystrophies	umls:C0338473
Hip Dislocation, Congenital	umls:C0019555
Mucopolysaccharidosis IV	umls:C0026707
Hyperparathyroidism, Primary	umls:C0221002
Jacobsen Distal 11q Deletion Syndrome	umls:C0795841
Myopathy, Central Core	umls:C0751951
Malabsorption Syndromes	umls:C0024523
Intestinal Diseases	umls:C0021831
Anemia, Hemolytic, Congenital	umls:C0002881
Obesity, Morbid	umls:C0028756
Lymphatic Metastasis	umls:C0024232
Chordoma	umls:C0008487
Influenza, Human	umls:C0021400
Pulmonary Valve Stenosis	umls:C0034089
Carcinoma, Small Cell	umls:C0262584
Movement Disorders	umls:C0026650
Ocular Motility Disorders	umls:C0028850
Autistic Disorder	umls:C0004352
Cerebellar Ataxia	umls:C0007758
Rhinitis, Allergic, Seasonal	umls:C0018621
Primary Myelofibrosis	umls:C0001815
Autonomic Nervous System Diseases	umls:C1145628
Myasthenic Syndromes, Congenital	umls:C0751882
Malignant Hyperthermia	umls:C0024591
Peritonitis	umls:C0031154
Colorectal Neoplasms	umls:C0009404
Sleep Disorders	umls:C0851578
Intestinal Perforation	umls:C0021845
Cryptorchidism	umls:C0010417
Amyloidosis, Familial	umls:C0740340
Diabetic Cardiomyopathies	umls:C0853897
Glycogen Storage Disease Type I	umls:C0017920
Hyperostosis, Cortical, Congenital	umls:C0020497
Alkaptonuria	umls:C0002066
Duane Retraction Syndrome	umls:C0013261
Cognition Disorders	umls:C0009241
Insulinoma	umls:C0021670
Bulbar Palsy, Progressive	umls:C0030442
Hydrophthalmos	umls:C0020302
Hypoproteinemia	umls:C0020639
Hepatic Encephalopathy	umls:C0019151
Craniofacial Dysostosis	umls:C0010273
Fibrous Dysplasia, Polyostotic	umls:C0242292
Fibrous Dysplasia, Polyostotic	umls:C0016065
Metabolic Syndrome X	umls:C0524620
Neoplasms, Germ Cell and Embryonal	umls:C0027658
Ellis-Van Creveld Syndrome	umls:C0013903
Anemia, Macrocytic	umls:C0002886
Osteochondritis Dissecans	umls:C0029421
Lacrimal Apparatus Diseases	umls:C0022904
von Hippel-Lindau Disease	umls:C0019562
Hypokalemia	umls:C0020621
Cystinuria	umls:C0010691
Reflex, Abnormal	umls:C0034933
Li-Fraumeni Syndrome	umls:C0085390
Multiple Endocrine Neoplasia Type 2b	umls:C0025269
Fibrous Dysplasia of Bone	umls:C0016063
Obsessive-Compulsive Disorder	umls:C0028768
Bronchial Diseases	umls:C0006261
Diabetes Insipidus, Nephrogenic	umls:C0677501
Diabetes Insipidus, Nephrogenic	umls:C1563706
Diabetes Insipidus, Nephrogenic	umls:C1563705
Diabetes Insipidus, Nephrogenic	umls:C0162283
Gait Disorders, Neurologic	umls:C0751830
Porphyria, Erythropoietic	umls:C0162530
Death, Sudden	umls:C0011071
Agammaglobulinemia	umls:C0001768
Tic Disorders	umls:C0040188
Aniridia	umls:C0003076
Tuberculosis, Bovine	umls:C0041307
Myositis Ossificans	umls:C0027122
Arsenic Poisoning	umls:C0311375
Jaundice, Chronic Idiopathic	umls:C0022350
Optic Neuropathy, Ischemic	umls:C0155305
Syringomyelia	umls:C0039144
Urinary Bladder Diseases	umls:C0005686
Muscular Atrophy	umls:C0026846
Carcinoma, Papillary	umls:C0007133
Galactosemias	umls:C0016952
Hepatolenticular Degeneration	umls:C0019202
Osteosclerosis	umls:C0029464
Lymphopenia	umls:C0024312
Mesothelioma	umls:C0025500
Kidney Failure, Chronic	umls:C0022661
Choanal Atresia	umls:C0008297
Hypoplastic Left Heart Syndrome	umls:C0152101
Cherubism	umls:C0008029
Anxiety Disorders	umls:C0003469
von Willebrand Diseases	umls:C0042974
Cataract	umls:C0086543
Bronchiectasis	umls:C0006267
Respiratory Insufficiency	umls:C0035229
Seizures	umls:C0036572
Polycythemia Vera	umls:C0032463
Vitamin A Deficiency	umls:C0042842
Dermatitis, Seborrheic	umls:C0036508
Spasms, Infantile	umls:C0393699
Spasms, Infantile	umls:C0393698
Spasms, Infantile	umls:C0037769
Keratoconus	umls:C0022578
Lung Diseases, Interstitial	umls:C0206062
Spinocerebellar Degenerations	umls:C0037952
Spinocerebellar Degenerations	umls:C0004138
Spinocerebellar Degenerations	umls:C0270749
Spinocerebellar Degenerations	umls:C0024814
Spinocerebellar Degenerations	umls:C0393524
Spinocerebellar Degenerations	umls:C0393519
Cardiomyopathy, Hypertrophic, Familial	umls:C0949658
Sleep Disorders, Circadian Rhythm	umls:C0877792
Cluster Headache	umls:C0009088
Leukemia, Promyelocytic, Acute	umls:C0023487
Persian Gulf Syndrome	umls:C0282550
Muscle Rigidity	umls:C0026837
Goiter	umls:C0018021
Hyperalgesia	umls:C0020429
Varicose Veins	umls:C0042345
Stevens-Johnson Syndrome	umls:C0038325
Thyroid Neoplasms	umls:C0040136
Thyroid Neoplasms	umls:C0549473
Thyroid Neoplasms	umls:C0151468
Vipoma	umls:C0011993
Pulmonary Blastoma	umls:C0206629
Endotoxemia	umls:C0376618
Rhinitis	umls:C0035455
Lithiasis	umls:C0023869
Hypotrichosis	umls:C0020678
Carcinoma, Basal Cell	umls:C0007117
Carcinoma, Lewis Lung	umls:C0243038
Anemia, Diamond-Blackfan	umls:C1260899
Angelman Syndrome	umls:C0162635
Mammary Neoplasms, Animal	umls:C0024667
Sjogren's Syndrome	umls:C1527336
Albuminuria	umls:C0001925
Fucosidosis	umls:C0016788
Corneal Opacity	umls:C0010038
Salmonella Infections, Animal	umls:C0036118
Osteolysis	umls:C0221204
Ectromelia	umls:C0013589
Uveitis	umls:C0042164
Adrenal Gland Diseases	umls:C0001621
Albinism, Oculocutaneous	umls:C0078918
Myoclonus	umls:C0027066
Arthritis	umls:C0003864
Histiocytoma	umls:C1509147
Myopia, Degenerative	umls:C0154778
Angina Pectoris	umls:C0002962
Citrullinemia	umls:C0175683
MELAS Syndrome	umls:C0162671
Pleural Diseases	umls:C0032226
Vesico-Ureteral Reflux	umls:C0042580
Vitamin B 12 Deficiency	umls:C0042847
Aspartylglucosaminuria	umls:C0268225
Ataxia	umls:C0004134
Meningococcal Infections	umls:C0025303
Myxoma	umls:C0027149
Ovarian Hyperstimulation Syndrome	umls:C0085083
Myocardial Reperfusion Injury	umls:C0027055
Marfan Syndrome	umls:C0024796
Motor Skills Disorders	umls:C0026613
Renal Insufficiency	umls:C1565489
Iron Overload	umls:C0282193
Fallopian Tube Neoplasms	umls:C0015558
Acute Kidney Injury	umls:C2609414
Prostatic Neoplasms	umls:C0033578
CADASIL	umls:C0751587
Microcephaly	umls:C0025958
Hypertension	umls:C0020538
Papilloma	umls:C0030354
Conjunctivitis	umls:C0009763
Vestibular Diseases	umls:C0042594
Megacolon	umls:C0025160
Trismus	umls:C0041105
Leishmaniasis, Cutaneous	umls:C0023283
Protoporphyria, Erythropoietic	umls:C0162568
Osteoarthropathy, Primary Hypertrophic	umls:C0029411
Narcolepsy	umls:C0027404
Hypoxia, Brain	umls:C1527348
Leukemia, Megakaryoblastic, Acute	umls:C0023462
Foot Deformities	umls:C0016506
Nevus	umls:C0027960
Connective Tissue Diseases	umls:C0009782
Language Development Disorders	umls:C0023014
Staphylococcal Infections	umls:C0038160
Bulimia Nervosa	umls:C2267227
Colitis, Ulcerative	umls:C0009324
Meningitis, Meningococcal	umls:C0025294
Dengue	umls:C0011311
Stomach Diseases	umls:C0038354
alpha 1-Antitrypsin Deficiency	umls:C0221757
Mycobacterium Infections	umls:C0026918
Basal Ganglia Diseases	umls:C0004782
Ischemic Attack, Transient	umls:C0007787
Ischemic Attack, Transient	umls:C0917805
Camurati-Engelmann Syndrome	umls:C0011989
Arenaviridae Infections	umls:C0003756
Joint Instability	umls:C0022410
Glioblastoma	umls:C0017636
Atrioventricular Block	umls:C0004245
Hyperprolactinemia	umls:C0020514
Lecithin Acyltransferase Deficiency	umls:C0023195
Coagulation Protein Disorders	umls:C0600503
Adenoma	umls:C0001430
Developmental Disabilities	umls:C0008073
Metabolism, Inborn Errors	umls:C0025521
Urogenital Abnormalities	umls:C0042063
Hyperlipoproteinemia Type IV	umls:C0020480
Leber Congenital Amaurosis	umls:C0339527
Blepharospasm	umls:C0005747
Cardiomegaly	umls:C0018800
Mucopolysaccharidosis VI	umls:C0026709
Liddle Syndrome	umls:C0221043
Panic Disorder	umls:C0030319
Klippel-Feil Syndrome	umls:C0022738
Dry Eye Syndromes	umls:C0013238
Failure to Thrive	umls:C0015544
Leiomyomatosis	umls:C0206654
Cytochrome-c Oxidase Deficiency	umls:C0268237
Hashimoto Disease	umls:C0677607
Lung Injury	umls:C0273115
Hypoparathyroidism	umls:C0020626
Pneumococcal Infections	umls:C0032269
Metabolic Diseases	umls:C0025517
Rhabdomyolysis	umls:C0035410
Urinary Incontinence, Stress	umls:C0042025
Leiomyoma, Epithelioid	umls:C0086533
Arteritis	umls:C0003860
Pantothenate Kinase-Associated Neurodegeneration	umls:C0018523
Hereditary Autoinflammatory Diseases	umls:C0751422
Gastrointestinal Neoplasms	umls:C0017185
Brucellosis	umls:C0006309
Fatty Liver	umls:C0015695
Leukodystrophy, Globoid Cell	umls:C0751273
Leukodystrophy, Globoid Cell	umls:C0268252
Leukodystrophy, Globoid Cell	umls:C0023521
Adenocarcinoma	umls:C0001418
Lipid Metabolism Disorders	umls:C0154251
Sea-Blue Histiocyte Syndrome	umls:C0036489
Retinal Dystrophies	umls:C0854723
Dyskeratosis Congenita	umls:C0265965
Hyperthyroxinemia	umls:C0020551
Hemiplegia	umls:C0018991
Eosinophilia	umls:C0014457
Darier Disease	umls:C0265971
Darier Disease	umls:C0022595
Acro-Osteolysis	umls:C0917990
Stereotypic Movement Disorder	umls:C0038273
Synostosis	umls:C0039093
Clubfoot	umls:C1301937
Clubfoot	umls:C0009081
Cholecystitis	umls:C0008325
Malnutrition	umls:C0162429
Osteoporosis, Postmenopausal	umls:C0029458
Ovarian Diseases	umls:C0029928
Myasthenia Gravis	umls:C0026896
Bone Resorption	umls:C0005974
Motor Neuron Disease	umls:C0085084
Incontinentia Pigmenti	umls:C0021171
beta-Thalassemia	umls:C0271979
beta-Thalassemia	umls:C0005283
beta-Thalassemia	umls:C0002875
beta-Thalassemia	umls:C0085578
beta-Thalassemia	umls:C0019025
Gangliosidosis, GM1	umls:C0268273
Gangliosidosis, GM1	umls:C0268272
Gangliosidosis, GM1	umls:C0268271
Gangliosidosis, GM1	umls:C2718068
Gangliosidosis, GM1	umls:C0085131
Choroid Diseases	umls:C0008521
Puberty, Precocious	umls:C0034013
Myoclonic Epilepsy, Juvenile	umls:C0270853
Lymphoma, Non-Hodgkin	umls:C0024305
Aortic Stenosis, Supravalvular	umls:C0003499
Urinary Bladder Neoplasms	umls:C0005695
Urinary Bladder Neoplasms	umls:C0005684
Carbon Tetrachloride Poisoning	umls:C0392622
Aneurysm	umls:C0002940
Esophageal Neoplasms	umls:C0014859
Eosinophilic Esophagitis	umls:C0341106
Glomus Tumor	umls:C0017653
Brain Diseases, Metabolic, Inborn	umls:C0752109
Chondrocalcinosis	umls:C0242217
Chondrocalcinosis	umls:C0033802
Chondrocalcinosis	umls:C0553730
Erythrokeratodermia Variabilis	umls:C0265961
Metal Metabolism, Inborn Errors	umls:C0025534
Wolfram Syndrome	umls:C0043207
Neoplasms, Radiation-Induced	umls:C0027666
Creutzfeldt-Jakob Syndrome	umls:C0751254
Creutzfeldt-Jakob Syndrome	umls:C0022336
Creutzfeldt-Jakob Syndrome	umls:C0376329
Splenomegaly	umls:C0038002
Ophthalmoplegia	umls:C0029089
Acute Coronary Syndrome	umls:C0948089
Ischemia	umls:C0022116
Ileitis	umls:C0020877
Glycogen Storage Disease Type VII	umls:C0017926
Glomerulosclerosis, Focal Segmental	umls:C0017668
Jaw Abnormalities	umls:C0022360
Cardiomyopathy, Restrictive	umls:C0007196
Pigmentation Disorders	umls:C0549567
Sarcoma, Kaposi	umls:C0036220
Aphakia	umls:C0003534
Glomerulonephritis	umls:C0017658
Intracranial Aneurysm	umls:C0007766
Neoplasm Metastasis	umls:C0027627
Androgen-Insensitivity Syndrome	umls:C0039585
Depressive Disorder	umls:C0011581
Down Syndrome	umls:C0013080
Lymphangioleiomyomatosis	umls:C0751674
Schizophrenia	umls:C0036341
Lysosomal Storage Diseases	umls:C0085078
Angioedema	umls:C0002994
Aphasia	umls:C0003537
Avitaminosis	umls:C0376286
Leukemia, Myeloid	umls:C0023470
Myopia	umls:C0027092
Endometriosis	umls:C0014175
Neurofibromatosis 2	umls:C0027832
Klippel-Trenaunay-Weber Syndrome	umls:C0022739
Intestinal Neoplasms	umls:C0021841
Pregnancy Complications	umls:C0032962
Facial Nerve Diseases	umls:C0270871
Syndactyly	umls:C0039075
Corneal Dystrophies, Hereditary	umls:C0018179
Corneal Dystrophies, Hereditary	umls:C0038457
Corneal Dystrophies, Hereditary	umls:C0010035
Corneal Dystrophies, Hereditary	umls:C0024439
Corneal Dystrophies, Hereditary	umls:C0018245
Lassa Fever	umls:C0023092
Congenital Hypothyroidism	umls:C0010308
Neurogenic Inflammation	umls:C0600467
Hyperhomocysteinemia	umls:C0598608
Thalassemia	umls:C0039730
Fibromatosis, Aggressive	umls:C0079218
Arthritis, Rheumatoid	umls:C0003873
Spastic Paraplegia, Hereditary	umls:C0037773
Rhinitis, Allergic, Perennial	umls:C0035457
Kidney Calculi	umls:C0022650
Muscle Cramp	umls:C0026821
Intracranial Arteriovenous Malformations	umls:C0007772
Intracranial Arteriovenous Malformations	umls:C0917804
Xanthomatosis	umls:C0043325
Myoglobinuria	umls:C0027080
Arachnoid Cysts	umls:C0078981
Tay-Sachs Disease	umls:C0039373
Lymphoma, Mantle-Cell	umls:C0334634
HELLP Syndrome	umls:C0162739
Hyperglycemia	umls:C0020456
Diabetes Insipidus	umls:C0011848
Insulin Resistance	umls:C0021655
Gonadal Dysgenesis, 46,XY	umls:C0018054
Retinal Diseases	umls:C0035309
Drug Eruptions	umls:C0011609
Hyperlysinemias	umls:C0268553
Hypocalcemia	umls:C0020598
Bundle-Branch Block	umls:C0023211
Bundle-Branch Block	umls:C0085615
Hyperammonemia	umls:C0220994
Pancreatic Neoplasms	umls:C0346647
Pancreatic Neoplasms	umls:C0030297
Hemophilia A	umls:C0019069
Cafe-au-Lait Spots	umls:C0221263
Cystic Fibrosis	umls:C0010674
Jervell-Lange Nielsen Syndrome	umls:C0022387
Hydrops Fetalis	umls:C0020305
Neurodegenerative Diseases	umls:C0270715
Neurodegenerative Diseases	umls:C0524851
Diabetes Complications	umls:C0342257
Cartilage Diseases	umls:C0007302
Acrocallosal Syndrome	umls:C0796147
Angina, Unstable	umls:C0002965
Lipid Metabolism, Inborn Errors	umls:C0023772
Hypersensitivity	umls:C0020517
Gallstones	umls:C0242216
Disseminated Intravascular Coagulation	umls:C0012739
Bone Diseases, Developmental	umls:C0005941
Mouth Abnormalities	umls:C0026633
Dysgammaglobulinemia	umls:C0013374
Oligospermia	umls:C0028960
Eyelid Diseases	umls:C0015423
Purine-Pyrimidine Metabolism, Inborn Errors	umls:C0034139
Myotonic Dystrophy	umls:C0027126
Hair Diseases	umls:C0018500
Urinary Tract Infections	umls:C0042029
alpha-Thalassemia	umls:C0002312
Lafora Disease	umls:C0751783
Epilepsy, Absence	umls:C0751124
Epilepsy, Absence	umls:C0014553
Sweat Gland Diseases	umls:C0038986
Meningocele	umls:C0025299
Calcinosis	umls:C0006663
Mitral Valve Prolapse	umls:C0026267
Hypoventilation	umls:C3203358
Situs Inversus	umls:C0037221
Hyperuricemia	umls:C0740394
Sepsis	umls:C0243026
Parkinsonian Disorders	umls:C0242422
Hereditary Angioedema Type III	umls:C1857728
Hemolytic-Uremic Syndrome	umls:C0019061
Hypergammaglobulinemia	umls:C0020455
Lymphedema	umls:C0024236
Myopathies, Structural, Congenital	umls:C3645536
Myopathies, Structural, Congenital	umls:C0410207
Myopathies, Structural, Congenital	umls:C0410203
Myopathies, Structural, Congenital	umls:C0752282
Myopathies, Structural, Congenital	umls:C1834558
Myopathies, Structural, Congenital	umls:C0546264
Myopathies, Structural, Congenital	umls:C0175709
Multiple Sclerosis	umls:C0026769
Hemophilia B	umls:C0008533
Hypercholesterolemia	umls:C0020443
Peptic Ulcer Hemorrhage	umls:C0030922
Hyperlipoproteinemia Type I	umls:C0023817
Substance Withdrawal Syndrome	umls:C0038587
Dyskinesia, Drug-Induced	umls:C0013386
Colonic Diseases, Functional	umls:C0009374
Graft vs Host Disease	umls:C0018133
Leukoencephalopathies	umls:C0270612
Jaw Diseases	umls:C0022362
Hyperlipidemias	umls:C0020473
Magnesium Deficiency	umls:C0024473
Glycogen Storage Disease Type III	umls:C0017922
Cystadenocarcinoma, Serous	umls:C0206701
Niemann-Pick Disease, Type B	umls:C0268243
Hodgkin Disease	umls:C0019829
Addison Disease	umls:C0001403
Hypertension, Pulmonary	umls:C0020542
Optic Atrophy	umls:C0029124
Prostatitis	umls:C0033581
Dent Disease	umls:C0878681
Raynaud Disease	umls:C0034734
Trichotillomania	umls:C0040953
Hypophosphatemic Rickets, X-Linked Dominant	umls:C0733682
Crigler-Najjar Syndrome	umls:C0010324
Meningomyelocele	umls:C0025312
Nephrotic Syndrome	umls:C0027726
Uremia	umls:C0041948
Carotid Artery Diseases	umls:C0007273
Carbamoyl-Phosphate Synthase I Deficiency Disease	umls:C0751753
Pulmonary Emphysema	umls:C0034067
Vulvar Neoplasms	umls:C0042995
Carcinoid Tumor	umls:C0007095
Skin Diseases, Vascular	umls:C0162819
Speech Disorders	umls:C0037822
Back Pain	umls:C0004604
Hypertension, Renal	umls:C0020544
Lissencephaly	umls:C0266463
Congenital Disorders of Glycosylation	umls:C0282577
Pseudarthrosis	umls:C0033785
Fibrosarcoma	umls:C0016057
Hyperbilirubinemia	umls:C0020433
Gonadal Dysgenesis	umls:C0018051
Muscular Dystrophies, Limb-Girdle	umls:C0686353
Lipoma	umls:C0023798
Malaria	umls:C0024530
Drug Hypersensitivity	umls:C0013182
Hypobetalipoproteinemias	umls:C0020597
Multiple Sclerosis, Relapsing-Remitting	umls:C0751967
Asperger Syndrome	umls:C0236792
Liver Cirrhosis	umls:C0023890
Adrenocortical Carcinoma	umls:C0206686
Dermatitis	umls:C0011603
Gastrointestinal Diseases	umls:C0017178
Infection	umls:C3714514
Pallister-Hall Syndrome	umls:C0265220
Atrophy	umls:C0333641
Hepatic Veno-Occlusive Disease	umls:C0019156
Cerebrovascular Disorders	umls:C0007820
Scalp Dermatoses	umls:C0036271
Osteoporosis	umls:C0029456
Fetal Membranes, Premature Rupture	umls:C0015944
Central Nervous System Diseases	umls:C0007682
Frontotemporal Dementia	umls:C0338451
Brain Diseases	umls:C0006111
Hypoglycemia	umls:C0020615
Multiple Organ Failure	umls:C0026766
Warts	umls:C3665596
Disorders of Sex Development	umls:C0036875
Lymphoma, Large-Cell, Anaplastic	umls:C0206180
Adenoma, Oxyphilic	umls:C1510502
Adenoma, Oxyphilic	umls:C0949541
Strabismus	umls:C0038379
Nail-Patella Syndrome	umls:C0027341
Eczema	umls:C0013595
Hepatitis B	umls:C0019163
Nerve Degeneration	umls:C0027746
Peutz-Jeghers Syndrome	umls:C0031269
Pick Disease of the Brain	umls:C0236642
Dermatitis, Contact	umls:C0162351
Dermatitis, Contact	umls:C0011616
Prion Diseases	umls:C0162534
Dwarfism, Pituitary	umls:C0013338
Death, Sudden, Cardiac	umls:C0085298
Death, Sudden, Cardiac	umls:C1720824
Tooth Diseases	umls:C0040435
Medulloblastoma	umls:C0025149
Infertility, Male	umls:C0848676
Infertility, Male	umls:C0021364
Oral Submucous Fibrosis	umls:C0029172
Amelogenesis Imperfecta	umls:C0002452
Agricultural Workers' Diseases	umls:C0001828
Muscular Dystrophy, Oculopharyngeal	umls:C0270952
Gastrointestinal Stromal Tumors	umls:C0238198
Keratitis	umls:C0022568
Carotid Artery Thrombosis	umls:C0007274
Penile Diseases	umls:C0030846
Immunologic Deficiency Syndromes	umls:C0021051
Depressive Disorder, Major	umls:C1269683
Depressive Disorder, Major	umls:C1571983
Migraine with Aura	umls:C0154723
Venous Thromboembolism	umls:C1861172
Psoriasis	umls:C0033860
Hypereosinophilic Syndrome	umls:C1540912
Holoprosencephaly	umls:C0079541
Drug Toxicity	umls:C0013221
Maple Syrup Urine Disease	umls:C0024776
Hyperopia	umls:C0020490
Smith-Lemli-Opitz Syndrome	umls:C0175694
Refsum Disease	umls:C0034960
Lipomatosis	umls:C0023801
Piebaldism	umls:C0080024
Hyperkalemia	umls:C0020461
Isolated Noncompaction of the Ventricular Myocardium	umls:C2717907
Rubinstein-Taybi Syndrome	umls:C0035934
Pulmonary Veno-Occlusive Disease	umls:C0034091
Duodenal Diseases	umls:C0013289
Adrenal Cortex Diseases	umls:C0001614
Hamartoma Syndrome, Multiple	umls:C0018553
Lipodystrophy, Familial Partial	umls:C1720860
Lipodystrophy, Familial Partial	umls:C1720861
Lipodystrophy, Familial Partial	umls:C0271694
Lipodystrophy, Familial Partial	umls:C1720859
Muscular Dystrophy, Emery-Dreifuss	umls:C0410189
Classical Lissencephalies and Subcortical Band Heterotopias	umls:C1955870
Coxsackievirus Infections	umls:C0010246
Lung Diseases	umls:C0024115
Syncope	umls:C0039070
Arrhythmogenic Right Ventricular Dysplasia	umls:C0349788
Hernia, Diaphragmatic	umls:C0019284
Deafness	umls:C0011053
Prenatal Exposure Delayed Effects	umls:C0033054
Xanthomatosis, Cerebrotendinous	umls:C0238052
Frontotemporal Lobar Degeneration	umls:C0751072
Paralyses, Familial Periodic	umls:C0268445
Paralyses, Familial Periodic	umls:C0030443
Thromboembolism	umls:C0040038
Opisthorchiasis	umls:C0029106
Dermatitis, Allergic Contact	umls:C0162820
Kidney Diseases	umls:C0022658
Vitreoretinopathy, Proliferative	umls:C0242852
Optic Nerve Diseases	umls:C0029132
Precursor B-Cell Lymphoblastic Leukemia-Lymphoma	umls:C0023485
Tyrosinemias	umls:C0268483
Anemia, Sideroblastic	umls:C0002896
Unverricht-Lundborg Syndrome	umls:C0751785
Peptic Ulcer	umls:C0030920
Helicobacter Infections	umls:C0079487
Cough	umls:C0010200
Carcinoma, Pancreatic Ductal	umls:C0887833
Hermanski-Pudlak Syndrome	umls:C0079504
Chondrosarcoma	umls:C0008479
Smith-Magenis Syndrome	umls:C0795864
Anus Neoplasms	umls:C0003463
Endometrial Hyperplasia	umls:C0014173
Histiocytoma, Benign Fibrous	umls:C0206644
Polycythemia	umls:C0032461
Death	umls:C0376297
Death	umls:C0011065
Prader-Willi Syndrome	umls:C0032897
Oral Ulcer	umls:C0149745
Olfaction Disorders	umls:C0553757
Rhabdoid Tumor	umls:C0206743
Panniculitis, Nodular Nonsuppurative	umls:C0030328
Kallmann Syndrome	umls:C0162809
Urolithiasis	umls:C0451641
Neuroblastoma	umls:C0027819
Muscular Diseases	umls:C0026848
Truncus Arteriosus, Persistent	umls:C0041207
Neuroectodermal Tumors, Primitive	umls:C0700367
Neuroectodermal Tumors, Primitive	umls:C0334596
Neuroectodermal Tumors, Primitive	umls:C0751675
Neuroectodermal Tumors, Primitive	umls:C0206663
Depression, Postpartum	umls:C0221074
Glycogen Storage Disease Type VIII	umls:C0017927
Heroin Dependence	umls:C0019337
Adrenoleukodystrophy	umls:C0162309
Ectodermal Dysplasia 1, Anhidrotic	umls:C0162359
Esophageal Atresia	umls:C0014850
Mental Retardation	umls:C0025362
Double Outlet Right Ventricle	umls:C0013069
Paraganglioma	umls:C0030421
Ectodermal Dysplasia	umls:C0013575
Asbestosis	umls:C0003949
Myotonic Disorders	umls:C0553604
Hepatitis C	umls:C0019196
Irritable Bowel Syndrome	umls:C0022104
Skin Diseases, Genetic	umls:C0037277
Keratoderma, Palmoplantar, Diffuse	umls:C0022584
Vitelliform Macular Dystrophy	umls:C0339510
Rhabdomyosarcoma, Embryonal	umls:C0206656
Leukemia, Myeloid, Acute	umls:C0023467
Leukemia, Myeloid, Acute	umls:C0026998
Leukemia, Myeloid, Acute	umls:C1879321
Scurvy	umls:C0036474
Encephalitis, Herpes Simplex	umls:C0276226
Ventricular Dysfunction	umls:C0242973
Skin Diseases, Vesiculobullous	umls:C0037275
Gout	umls:C0018099
Alexander Disease	umls:C0270726
Pyruvate Carboxylase Deficiency Disease	umls:C0034341
Uterine Prolapse	umls:C0042140
Precancerous Conditions	umls:C0032927
Neural Tube Defects	umls:C0027794
Torticollis	umls:C0040485
Cutis Laxa	umls:C0010495
Liver Cirrhosis, Experimental	umls:C0023893
Mandibular Diseases	umls:C0024689
Vitiligo	umls:C0042900
Purpura, Thrombocytopenic	umls:C0857305
Hyperaldosteronism	umls:C0020428
Pierre Robin Syndrome	umls:C0031900
Dyslipidemias	umls:C0242339
Coronary Stenosis	umls:C0242231
Wilms Tumor	umls:C2930471
Wilms Tumor	umls:C0027708
Caliciviridae Infections	umls:C0162677
Ventricular Fibrillation	umls:C0042510
Pseudohypoparathyroidism	umls:C0033806
Cocaine-Related Disorders	umls:C0236736
Erythema	umls:C0041834
Heat Stress Disorders	umls:C0282507
Hyalinosis, Systemic	umls:C2745948
Carotid Artery, Internal, Dissection	umls:C0751815
Coloboma	umls:C0009363
Anus Diseases	umls:C0003462
Osteonecrosis	umls:C0029445
Optic Atrophies, Hereditary	umls:C0029125
Hyperbilirubinemia, Neonatal	umls:C0857007
Mood Disorders	umls:C0525045
Uterine Diseases	umls:C0042131
Supranuclear Palsy, Progressive	umls:C0038868
Skin Diseases	umls:C0037274
Eye Abnormalities	umls:C0015393
Hypoalphalipoproteinemias	umls:C0473527
Cardiomyopathy, Dilated	umls:C0007193
Urologic Neoplasms	umls:C0042076
Mucopolysaccharidosis II	umls:C0026705
Hypopigmentation	umls:C0162835
Cardiomyopathy, Hypertrophic	umls:C0007194
Mental Retardation, X-Linked	umls:C1136249
Tobacco Use Disorder	umls:C0040336
Rectal Fistula	umls:C0034884
Leprosy	umls:C0023343
Heart Arrest	umls:C0018790
Muscular Dystrophies	umls:C0026850
Epilepsy, Rolandic	umls:C0376532
Nephrocalcinosis	umls:C0027709
Fibrosis	umls:C0016059
DNA Repair-Deficiency Disorders	umls:C1563696
Respiratory Tract Infections	umls:C0035243
Salivary Gland Neoplasms	umls:C0036095
Acidosis, Lactic	umls:C0001125
Inflammation	umls:C0021368
Sinus Thrombosis, Intracranial	umls:C0037198
Urticaria	umls:C0042109
Muscular Atrophy, Spinal	umls:C0393541
Muscular Atrophy, Spinal	umls:C3661519
Muscular Atrophy, Spinal	umls:C0751335
Muscular Atrophy, Spinal	umls:C0270765
Muscular Atrophy, Spinal	umls:C0026847
Muscular Atrophy, Spinal	umls:C0393547
Muscular Atrophy, Spinal	umls:C0917981
Phenylketonurias	umls:C0031485
Infertility	umls:C0021359
Iris Diseases	umls:C0022078
Peripheral Vascular Diseases	umls:C0085096
Chondrosarcoma, Mesenchymal	umls:C0206637
Coronary Artery Disease	umls:C1956346
Sarcoma	umls:C1261473
Heart Valve Diseases	umls:C0018824
Facial Asymmetry	umls:C1306710
Frasier Syndrome	umls:C0950122
Factor V Deficiency	umls:C0015499
Ventricular Dysfunction, Left	umls:C0242698
Urinary Calculi	umls:C0042018
Colonic Neoplasms	umls:C0009375
Celiac Disease	umls:C0007570
Exanthema	umls:C0015230
Thrombocythemia, Essential	umls:C0040028
Dermatitis, Exfoliative	umls:C0011606
Hypertrophy, Left Ventricular	umls:C0149721
Parkinson Disease	umls:C0030567
Bone Neoplasms	umls:C0005967
Laryngeal Neoplasms	umls:C0023055
Laryngeal Neoplasms	umls:C0007107
Andersen Syndrome	umls:C1563715
Nystagmus, Congenital	umls:C0700501
Neurologic Manifestations	umls:C0027854
Hyperparathyroidism	umls:C0020502
Short Rib-Polydactyly Syndrome	umls:C0036996
Demyelinating Diseases	umls:C0011303
Heredodegenerative Disorders, Nervous System	umls:C0751870
46, XY Disorders of Sex Development	umls:C2751824
Hypoalbuminemia	umls:C0239981
Heart Defects, Congenital	umls:C0018798
Thrombophilia	umls:C0398623
Histiocytosis	umls:C0019618
Water-Electrolyte Imbalance	umls:C0043065
Machado-Joseph Disease	umls:C0024408
Bradycardia	umls:C0428977
Asthma, Exercise-Induced	umls:C0004099
Glycogen Storage Disease Type IIb	umls:C0878677
Gyrate Atrophy	umls:C0018425
Hallermann's Syndrome	umls:C0018522
Digestive System Abnormalities	umls:C0266015
Melanoma, Experimental	umls:C0025205
Lymphoma, Follicular	umls:C0024301
Dyslexia	umls:C0476254
Erythromelalgia	umls:C0014804
Alcohol Withdrawal Delirium	umls:C0001957
Stroke	umls:C0751956
Stroke	umls:C0038454
Pulmonary Disease, Chronic Obstructive	umls:C0024117
Sphingolipidoses	umls:C0037899
Gallbladder Diseases	umls:C0016977
Paraplegia	umls:C0030486
Behcet Syndrome	umls:C0004943
Bipolar Disorder	umls:C0005586
Nasopharyngeal Neoplasms	umls:C0027439
Leukoencephalitis, Acute Hemorrhagic	umls:C0014077
Hydranencephaly	umls:C0020225
Arthrogryposis	umls:C0003886
Tremor	umls:C0040822
Vertebral Artery Dissection	umls:C0338586
Photophobia	umls:C0085636
Telangiectasis	umls:C0039446
Hepatomegaly	umls:C0019209
Pancreatic Cyst	umls:C0030283
Hypospadias	umls:C0848558
Myositis, Inclusion Body	umls:C0238190
Myositis, Inclusion Body	umls:C0751713
Aicardi Syndrome	umls:C0175713
Eunuchism	umls:C0151721
Nephrolithiasis	umls:C0392525
Vision Disorders	umls:C0042790
Mevalonate Kinase Deficiency	umls:C1959626
Mevalonate Kinase Deficiency	umls:C0342731
Mevalonate Kinase Deficiency	umls:C0398691
Liver Diseases, Parasitic	umls:C0023897
Sclerosis	umls:C0036429
Gingival Overgrowth	umls:C0376480
Xeroderma Pigmentosum	umls:C0043346
Colitis	umls:C0009319
Heart Septal Defects, Atrial	umls:C0344724
Heart Septal Defects, Atrial	umls:C0018817
Porphyria Cutanea Tarda	umls:C0162566
Insomnia, Fatal Familial	umls:C0206042
Angioedemas, Hereditary	umls:C0019243
Glomerulonephritis, IGA	umls:C0017661
Tachycardia, Ventricular	umls:C0042514
Ossification, Heterotopic	umls:C0029396
Mouth Neoplasms	umls:C0026640
Hypertension, Pregnancy-Induced	umls:C0852036
Pain Insensitivity, Congenital	umls:C0002768
Dysautonomia, Familial	umls:C0013364
Fuchs' Endothelial Dystrophy	umls:C0016781
Inflammatory Bowel Diseases	umls:C0021390
Nail Diseases	umls:C0027339
Abetalipoproteinemia	umls:C0000744
Glucagonoma	umls:C0017689
Primary Ovarian Insufficiency	umls:C0086367
Primary Ovarian Insufficiency	umls:C0085215
Primary Ovarian Insufficiency	umls:C3494522
Myotonia Congenita	umls:C0027127
Dwarfism	umls:C0013336
Retinitis Pigmentosa	umls:C0035334
Hypotension, Orthostatic	umls:C0020651
Factor X Deficiency	umls:C0015519
Gaucher Disease	umls:C0017205
Dermatomyositis	umls:C0011633
Glycogen Storage Disease	umls:C0017919
Liposarcoma	umls:C0023827
Neuroendocrine Tumors	umls:C0206754
Fetal Alcohol Syndrome	umls:C0015923
Necrosis	umls:C0027540
Abruptio Placentae	umls:C0000832
Chromosome Disorders	umls:C0008626
Crohn Disease	umls:C0010346
Ichthyosis, X-Linked	umls:C0079588
Empty Sella Syndrome	umls:C0014008
Cranial Nerve Diseases	umls:C0010266
Facial Paralysis	umls:C0015469
Bone Diseases	umls:C0005940
Pyoderma Gangrenosum	umls:C0085652
Pancreatitis	umls:C0030305
Granuloma	umls:C0018188
Hearing Loss, Sensorineural	umls:C1691779
Hearing Loss, Sensorineural	umls:C0018784
Retinal Detachment	umls:C0035305
Cell Transformation, Neoplastic	umls:C0007621
Lung Neoplasms	umls:C0024121
Rickets	umls:C0035579
Diabetes Mellitus, Experimental	umls:C0011853
Gallbladder Neoplasms	umls:C0016978
Gallbladder Neoplasms	umls:C0153452
Kartagener Syndrome	umls:C0022521
Abortion, Spontaneous	umls:C0000786
Female Urogenital Diseases	umls:C1720887
Blister	umls:C0005758
Glomerulonephritis, Membranoproliferative	umls:C0017662
Carcinoma, Adenoid Cystic	umls:C0010606
Amphetamine-Related Disorders	umls:C0236733
Glaucoma, Open-Angle	umls:C0017612
Arteriovenous Malformations	umls:C0003857
Hemangiosarcoma	umls:C0018923
Apraxias	umls:C0003635
Ectopia Lentis	umls:C0013581
Uterine Neoplasms	umls:C0042138
Carcinoma, Renal Cell	umls:C1306837
Carcinoma, Renal Cell	umls:C1266044
Carcinoma, Renal Cell	umls:C0007134
Carcinoma, Renal Cell	umls:C1266042
Carcinoma, Renal Cell	umls:C0279702
Carcinoma, Renal Cell	umls:C1266043
Obesity	umls:C0028754
Lichenoid Eruptions	umls:C0162848
Malaria, Falciparum	umls:C0024535
Peroxisomal Disorders	umls:C0282528
Bronchiolitis Obliterans	umls:C0006272
Food Hypersensitivity	umls:C0016470
Cellulitis	umls:C0007642
Psychoses, Substance-Induced	umls:C0033941
Hypoxia-Ischemia, Brain	umls:C0752308
Macrocephaly	umls:C0221355
Ichthyosis	umls:C0020757
Ichthyosis	umls:C0043345
Acute-Phase Reaction	umls:C0001349
Ear Diseases	umls:C0013447
Spinal Muscular Atrophies of Childhood	umls:C0700595
Papillomavirus Infections	umls:C0950124
Hemangioma	umls:C0018916
Liver Failure	umls:C0085605
Cerebral Amyloid Angiopathy	umls:C0085220
alpha-Mannosidosis	umls:C0024748
Abortion, Habitual	umls:C0000809
Familial Mediterranean Fever	umls:C0031069
Fibromatosis, Abdominal	umls:C0206646
Sarcoma, Synovial	umls:C0039101
Lupus Erythematosus, Systemic	umls:C0024141
Pituitary Diseases	umls:C0032002
Pterygium	umls:C0033999
Pheochromocytoma	umls:C0031511
Emphysema	umls:C0013990
Leukemia-Lymphoma, Adult T-Cell	umls:C0023493
Myeloproliferative Disorders	umls:C0027022
Lupus Erythematosus, Cutaneous	umls:C0024137
Protein S Deficiency	umls:C0242666
Hyperlipidemia, Familial Combined	umls:C0020474
Pseudohypoaldosteronism	umls:C0033805
Exfoliation Syndrome	umls:C0206368
Cholangitis, Sclerosing	umls:C0008313
Parapsoriasis	umls:C0030491
Colonic Polyps	umls:C0009376
Wolff-Parkinson-White Syndrome	umls:C0043202
Diabetic Angiopathies	umls:C0011875
Microvascular Angina	umls:C0206064
Optic Atrophy, Hereditary, Leber	umls:C0917796
Lymphoma, Large B-Cell, Diffuse	umls:C0079744
Rheumatic Diseases	umls:C0242490
Rheumatic Diseases	umls:C0035435
Torsades de Pointes	umls:C0040479
Epidermolysis Bullosa	umls:C0014527
Dyssomnias	umls:C0700201
Epilepsy, Tonic-Clonic	umls:C0014549
Hepatitis	umls:C0019158
Shock, Septic	umls:C0600327
Shock, Septic	umls:C0036983
Psychotic Disorders	umls:C0033975
Precursor Cell Lymphoblastic Leukemia-Lymphoma	umls:C1961102
Precursor Cell Lymphoblastic Leukemia-Lymphoma	umls:C0023453
Precursor Cell Lymphoblastic Leukemia-Lymphoma	umls:C0023452
Tooth Abnormalities	umls:C0040427
Intracranial Hemorrhages	umls:C0151699
Heart Failure	umls:C0018801
Glycogen Storage Disease Type V	umls:C0017924
Leukemia, Monocytic, Acute	umls:C0023465
Lymphoma, T-Cell, Cutaneous	umls:C0079773
Restless Legs Syndrome	umls:C0035258
Enuresis	umls:C0014394
Alcohol-Related Disorders	umls:C0236664
Sciatic Neuropathy	umls:C0149940
Adenomatous Polyps	umls:C0206677
Epilepsy	umls:C0014544
Cytomegalovirus Infections	umls:C0010823
Mucopolysaccharidosis I	umls:C0023786
Rectal Neoplasms	umls:C0034885
Tuberous Sclerosis	umls:C0041341
Schnitzler Syndrome	umls:C0524988
Adrenogenital Syndrome	umls:C0302280
Ovarian Neoplasms	umls:C0919267
Ovarian Neoplasms	umls:C1140680
Glycogen Storage Disease Type II	umls:C0017921
Myocardial Stunning	umls:C0206146
Carcinoma, Large Cell	umls:C0206704
Candidiasis, Vulvovaginal	umls:C0700345
Enchondromatosis	umls:C0014084
Parkinson Disease, Secondary	umls:C0030569
Hypoprothrombinemias	umls:C0020640
Polyuria	umls:C0032617
Hernia, Umbilical	umls:C1306503
Hernia, Umbilical	umls:C0795690
Neutropenia	umls:C0027947
Brachial Plexus Neuritis	umls:C0221759
Hyperostosis	umls:C0020492
Muscular Dystrophy, Facioscapulohumeral	umls:C0238288
Hypertrichosis	umls:C0020555
Thyroid Hormone Resistance Syndrome	umls:C2940786
Mucositis	umls:C0333355
Deglutition Disorders	umls:C0011168
Learning Disorders	umls:C0023186
Joint Diseases	umls:C0022408
Purpura	umls:C0034150
Sebaceous Gland Neoplasms	umls:C0036503
Polyneuropathies	umls:C0271683
Polyneuropathies	umls:C0751448
Polyneuropathies	umls:C0152025
Supratentorial Neoplasms	umls:C0038874
Cogan Syndrome	umls:C0271270
Hearing Loss, Sudden	umls:C0011057
Hearing Loss, High-Frequency	umls:C0018780
Testicular Diseases	umls:C0039584
Glioma	umls:C0017638
Granulomatous Disease, Chronic	umls:C3661525
Granulomatous Disease, Chronic	umls:C0018203
Granulomatous Disease, Chronic	umls:C1844376
Sialic Acid Storage Disease	umls:C1096903
Sialic Acid Storage Disease	umls:C1096902
Sialic Acid Storage Disease	umls:C0342853
Cardiomyopathies	umls:C0878544
Hyperpigmentation	umls:C0162834
Neoplasm, Residual	umls:C0242596
Mucolipidoses	umls:C0026697
Listeriosis	umls:C0023860
Glucose Intolerance	umls:C0271650
Optic Disk Drusen	umls:C0029128
Kidney Neoplasms	umls:C0740457
Kidney Neoplasms	umls:C0022665
Fibroma	umls:C0016045
ACTH-Secreting Pituitary Adenoma	umls:C1306214
Maxillary Diseases	umls:C0024950
Pyruvate Dehydrogenase Complex Deficiency Disease	umls:C0034345
Testicular Neoplasms	umls:C0039590
Catalepsy	umls:C0007370
Dextrocardia	umls:C0011813
Histiocytosis, Sinus	umls:C0019625
Spasm	umls:C0037763
Hip Dislocation	umls:C1328407
Sjogren-Larsson Syndrome	umls:C0037231
Retinal Degeneration	umls:C0035304
Amyloid Neuropathies, Familial	umls:C0206245
Hemoglobinuria, Paroxysmal	umls:C0019050
Alzheimer Disease	umls:C0002395
Alzheimer Disease	umls:C0750901
Alzheimer Disease	umls:C0276496
Alzheimer Disease	umls:C0011265
Alzheimer Disease	umls:C0494463
Acanthosis Nigricans	umls:C0000889
Usher Syndromes	umls:C1568249
Usher Syndromes	umls:C2931205
Usher Syndromes	umls:C1568248
Usher Syndromes	umls:C0271097
Pneumothorax	umls:C0032326
Migraine without Aura	umls:C0338480
Skin Ulcer	umls:C0037299
Papilloma, Choroid Plexus	umls:C0205770
Hoarseness	umls:C0019825
Infarction, Middle Cerebral Artery	umls:C0740392
Acquired Immunodeficiency Syndrome	umls:C0001175
Osteoarthritis, Hip	umls:C0029410
Fructose Intolerance	umls:C0016751
Intervertebral Disk Displacement	umls:C0021818
Hypokinesia	umls:C0086439
Retinal Vein Occlusion	umls:C0035328
Cecal Neoplasms	umls:C0007528
Myocardial Ischemia	umls:C0151744
Dermoid Cyst	umls:C0011649
Infant, Premature, Diseases	umls:C0021295
Graves Disease	umls:C0018213
Gram-Negative Bacterial Infections	umls:C0085423
Polycystic Kidney, Autosomal Dominant	umls:C0085413
Diabetes, Gestational	umls:C0085207
Neurofibromatoses	umls:C0162678
Sleep Apnea, Obstructive	umls:C0520679
IgA Deficiency	umls:C0162538
Spherocytosis, Hereditary	umls:C0037889
Keratoderma, Palmoplantar	umls:C0022596
Keratoderma, Palmoplantar	umls:C0025221
Transposition of Great Vessels	umls:C0040761
Bronchopulmonary Dysplasia	umls:C0006287
Stomach Neoplasms	umls:C0038356
Dystonia Musculorum Deformans	umls:C0013423
Mastitis	umls:C0024894
Ureteral Neoplasms	umls:C0041955
Dementia	umls:C0497327
Reperfusion Injury	umls:C0035126
Leigh Disease	umls:C0023264
Hyaline Membrane Disease	umls:C0020192
Romano-Ward Syndrome	umls:C0035828
Bacteremia	umls:C0004610
Fabry Disease	umls:C0002986
Pancreatitis, Chronic	umls:C0149521
Colorectal Neoplasms, Hereditary Nonpolyposis	umls:C0009405
Colorectal Neoplasms, Hereditary Nonpolyposis	umls:C1333990
Hyperglycinemia, Nonketotic	umls:C0751748
Carcinoma in Situ	umls:C0878500
Encephalocele	umls:C0014067
Encephalocele	umls:C0014065
Lymphoma	umls:C0024299
Urogenital Neoplasms	umls:C0751569
Urogenital Neoplasms	umls:C0042065
Heart Septal Defects, Ventricular	umls:C0018818
Purpura, Thrombotic Thrombocytopenic	umls:C0034155
Cerebral Hemorrhage	umls:C2937358
Adenoma, Liver Cell	umls:C0206669
Blood Coagulation Disorders	umls:C0005779
Agranulocytosis	umls:C0001824
Lymphoma, B-Cell	umls:C0079731
DiGeorge Syndrome	umls:C0012236
Rhabdomyosarcoma	umls:C0035412
Neuroacanthocytosis	umls:C0393576
Bacterial Infections	umls:C0004623
Factor VII Deficiency	umls:C0015503
Hyperplasia	umls:C0020507
Laryngeal Diseases	umls:C0023051
Substance-Related Disorders	umls:C0236969
Hyper-IgM Immunodeficiency Syndrome	umls:C0272236
Hyper-IgM Immunodeficiency Syndrome	umls:C1720957
Hyper-IgM Immunodeficiency Syndrome	umls:C1720958
Hyper-IgM Immunodeficiency Syndrome	umls:C1720956
Hirschsprung Disease	umls:C0019569
Autoimmune Lymphoproliferative Syndrome	umls:C1328840
Leukemia, Lymphoid	umls:C0023448
Lewy Body Disease	umls:C0752347
Exophthalmos	umls:C0015300
Factor XI Deficiency	umls:C0015523
Amenorrhea	umls:C0002453
Epilepsy, Complex Partial	umls:C0085417
Stiff-Person Syndrome	umls:C0085292
Niemann-Pick Disease, Type C	umls:C0220756
Tongue Neoplasms	umls:C0040411
Hearing Loss	umls:C3887873
Opsoclonus-Myoclonus Syndrome	umls:C0393626
Neurilemmoma	umls:C0027809
Basal Cell Nevus Syndrome	umls:C0004779
Fetal Diseases	umls:C0015929
Albinism	umls:C0001916
Myoclonic Epilepsies, Progressive	umls:C0751778
Pharyngeal Neoplasms	umls:C0031347
Brain Diseases, Metabolic	umls:C0006112
Distal Myopathies	umls:C1450052
Distal Myopathies	umls:C0751336
Distal Myopathies	umls:C1838244
Distal Myopathies	umls:C0221054
Atherosclerosis	umls:C0004153
Beckwith-Wiedemann Syndrome	umls:C0004903
Pyruvate Metabolism, Inborn Errors	umls:C0034350
Epidermolysis Bullosa Dystrophica	umls:C0079294
Persistent Fetal Circulation Syndrome	umls:C0031190
Hematuria	umls:C0018965
Neurotoxicity Syndromes	umls:C0235032
Gonadal Dysgenesis, 46,XX	umls:C0949595
Temporomandibular Joint Disorders	umls:C0039494
Myocardial Infarction	umls:C0027051
Cri-du-Chat Syndrome	umls:C0010314
Silver-Russell Syndrome	umls:C0175693
Scleroderma, Systemic	umls:C0036421
Mammary Neoplasms, Experimental	umls:C0024668
Plagiocephaly, Nonsynostotic	umls:C1450010
Pancytopenia	umls:C0030312
Epilepsies, Partial	umls:C0014547
Long QT Syndrome	umls:C0023976
Vasculitis	umls:C0042384
Hypersensitivity, Immediate	umls:C0020523
Bloom Syndrome	umls:C0005859
Thrombocytopenia	umls:C0040034
Scleroderma, Localized	umls:C0011644
Scleroderma, Localized	umls:C1527383
Scleroderma, Localized	umls:C0263409
Scleroderma, Localized	umls:C0036420
Rheumatoid Nodule	umls:C0035450
Hypertriglyceridemia	umls:C0020557
Purpura, Thrombocytopenic, Idiopathic	umls:C0398650
Ophthalmoplegia, Chronic Progressive External	umls:C0162674
Autoimmune Diseases	umls:C0004364
Sinoatrial Block	umls:C0037188
Amblyopia	umls:C0002418
Synovitis	umls:C0039103
Drug-Induced Liver Injury	umls:C0860207
Vascular Diseases	umls:C0042373
Pituitary ACTH Hypersecretion	umls:C0221406
Astrocytoma	umls:C0004114
Choroideremia	umls:C0008525
Antisocial Personality Disorder	umls:C0003431
Severe Acute Respiratory Syndrome	umls:C1175175
Polyps	umls:C0032584
Hypohidrosis	umls:C0020620
Limb Deformities, Congenital	umls:C0206762
Hypokalemic Periodic Paralysis	umls:C0238358
Menkes Kinky Hair Syndrome	umls:C0022716
Lung Diseases, Obstructive	umls:C0600260
Proteinuria	umls:C0033687
Anodontia	umls:C0399352
Anodontia	umls:C0020608
Anodontia	umls:C3489529
Musculoskeletal Abnormalities	umls:C0151491
Osteoarthritis	umls:C0029408
Oculocerebrorenal Syndrome	umls:C0028860
Lipodystrophy	umls:C0023787
Nephrosis	umls:C0027720
Leukodystrophy, Metachromatic	umls:C0023522
Thyrotoxicosis	umls:C0040156
Breast Neoplasms, Male	umls:C0242788
Carcinoma, Transitional Cell	umls:C0007138
Pelizaeus-Merzbacher Disease	umls:C0205711
Retinal Drusen	umls:C0035312
Rett Syndrome	umls:C0035372
Osteochondrodysplasias	umls:C0029422
Bardet-Biedl Syndrome	umls:C0752166
Craniofacial Abnormalities	umls:C0376634
Methemoglobinemia	umls:C0025637
Heart Block	umls:C0018794
Polydactyly	umls:C0152427
Skin Neoplasms	umls:C0037286
Neovascularization, Pathologic	umls:C0027686
Thymus Neoplasms	umls:C3714644
Coffin-Lowry Syndrome	umls:C0265252
Nervous System Malformations	umls:C0497552
Gastroesophageal Reflux	umls:C0017168
Multiple Myeloma	umls:C0026764
Tachycardia	umls:C0039231
Coronary Aneurysm	umls:C0010051
Acrocephalosyndactylia	umls:C1510455
Poliomyelitis	umls:C0032371
Neoplastic Syndromes, Hereditary	umls:C0027672
Hypothyroidism	umls:C0020676
Cardiovascular Abnormalities	umls:C0243050
Hyperemia	umls:C0020452
Periodontitis	umls:C0031099
Asphyxia	umls:C0004044
Multiple Endocrine Neoplasia Type 2a	umls:C0025268
Carbohydrate Metabolism, Inborn Errors	umls:C0007001
Leukoencephalopathy, Progressive Multifocal	umls:C0023524
Severe Combined Immunodeficiency	umls:C0085110
Dementia, Vascular	umls:C0011269
Hernia, Inguinal	umls:C0019294
Pulmonary Alveolar Proteinosis	umls:C0034050
Cerebellar Diseases	umls:C0007760
